Book Name,Author Name,Rating,Price
Maths Concept King All Formulas and Theorum | Smart Tricks | Arithmetic & Advance Maths,Gagan Pratap Sir,4.7,₹239.00
BlackBook of English Vocabulary May 2024 by Nikhil Gupta,Nikhil Gupta,4.5,₹299.00
Atomic Habits : the life-changing million-copy #1 bestseller,James Clear,4.6,₹476.00
My First Library: Boxset of 10 Board Books for Kids [Board book] Wonder House Books,Wonder House Books,4.5,₹399.00
Lucent General Knowledge - New Reduced Price Ediiton - 13th - Edition for 2024 Exams and Increased Number of Pages (458 Pages) - [Original Copy Only - ENGLISH MEDIUM],Binay Karna,4.4,₹209.00
The Power of Your Subconscious Mind: Original Edition | Premium Paperback,Joseph Murphy,4.5,₹149.00
Ikigai,Francesc Miralles,4.6,₹348.00
Don't Believe Everything You Think (English),Joseph Nguyen,4.5,₹177.00
PW Calculus Core Fear No More Calculus Book By Sachin Jakhar For JEE Main & Advanced l Integral & Differential Calculus,Sachin Jakhar,4.7,₹460.00
The Psychology of Money,Morgan Housel,4.6,₹274.00
Lucifer was Innocent: The Red Pill,Tirth Raj Parsana,3.6,₹369.00
"Conceptual Physics, 12e",Paul G. Hewitt,4.5,₹899.00
"MTG Objective NCERT at your FINGERTIPS Biology - NCERT Notes with HD Pages, Exam Archive & MCQs | Based on NMC NEET Rationalised Syllabus, NEET Books (Latest & Revised Edition 2024-2025",MTG Editorial Board,4.4,₹595.00
Animals Tales From Panchtantra: Timeless Stories for Children From Ancient India [Hardcover] Wonder House Books,Wonder House Books,4.5,₹199.00
BRAHMASTRA Complete Maths Multicolored Formula Book Second Edition BILINGUAL by Aditya Ranjan Sir,Aditya Ranjan Sir,4.5,₹150.00
My First Book of Patterns Pencil Control: Patterns Practice book for kids (Pattern Writing) [Paperback] Wonder House Books,Wonder House Books,4.4,₹98.00
Indian Polity for UPSC (English)|7th Edition|Civil Services Exam| State Administrative Exams,M Laxmikanth,4.6,₹739.00
Word Power Made Easy By Norman Lewis (More than 700 Pages),Norman Lewis,4.4,₹97.00
Mathematics class 10th and MCQs - by R.D. Sharma (2024-25 Examination),R.D. Sharma,4.5,₹435.00
The Power of Your Subconscious Mind,Joseph Murphy,4.5,₹137.00
"THE SILENT PATIENT [Paperback] Michaelides, Alex",Alex Michaelides,4.5,₹247.00
101 Copy Coloring: Fun Activity Book For Children [Paperback] Wonder House Books,Wonder House Books,4.5,₹149.00
"Moral Story Books for Kids (Illustrated) - English Short Stories with Colourful Pictures - Bedtime Children Story Book - 3 Years to 6 Years Old Children - Read Aloud to Infants, Toddlers (Set of 10 Books)",Maple Press,4.5,₹220.00
1001 Ultimate Brain Booster Activities for 4+ Years Old Kids |Enhance the Child Mind with Cognitive Excellence with Interactive Activity Book,Team Pegasus,4.6,₹297.00
"Grandma's Bag of Stories: Collection of 20+ Illustrated short stories, traditional Indian folk tales for all ages for children of all ages by Sudha Murty [Paperback] Sudha Murty",Murty Sudha,4.6,₹199.00
Nta Ugc Net '24 Paper 1 By Kvs Madaan|Teaching And Research Aptitude Net/Set/Jrf|Includes 2023 Paper (2 Sets) & 23 Years Chapter Wise Solved Previous Year Questions|Includes 2600+ Questions,KVS Madaan,4.2,₹330.00
Rich Dad Poor Dad: 25th Anniversary Edition,Robert T. Kiyosaki,4.5,₹372.00
"MINtile Sank Magic Practice Copybook, (4 Book + 10 Refill) Number Tracing Book for Preschoolers with Pen, Magic Calligraphy Copybook Set Practical Reusable Writing Tool Simple Hand Lettering",Sank Magic,4.0,₹110.00
"My First Mythology Tale (Illustrated) (Set of 5 Books) - Mahabharata, Krishna, Hanuman, Ganesha, Ramayana - Story Books for Kids - English Short Stories - Read Aloud to Infants, Toddlers",Maple Press,4.4,₹170.00
"Writing Practice Boxset: Pack of 4 Books (Writing Fun: Write And Practice Capital Letters, Small Letters, Patterns and Numbers 1 to 10) [Paperback] Wonder House Books",Wonder House Books,4.3,₹199.00
"The Palace of Illusions: 10th Anniversary Edition [Paperback] Banerjee Divakaruni, Chitra",Chitra Banerjee Divakaruni,4.5,₹324.35
"Oswaal CBSE Question Bank Class 10 Science, Chapterwise and Topicwise Solved Papers For Board Exams 2025",Oswaal Editorial Board,4.5,₹594.00
"Courage To Be Disliked, The: How to free yourself, change your life and achieve real happiness (Courage To series)",Ichiro Kishimi and Fumitake Koga,4.6,₹329.00
11 Rules For Life: Secrets to Level Up,Chetan Bhagat,4.6,₹183.00
Coloring Books Box Set: Pack of 12 Copy Color Books For Children [Paperback] Wonder House Books,Wonder House Books,4.4,₹369.00
All In One Science CBSE Class 10th Based On Latest NCERT For CBSE Exams 2025 | Mind map in each chapter | Clear & Concise Theory | Intext & Chapter Exercises | Sample Question Papers,"Dr. parul Goel Ranjan , Abhshek Gupta",4.4,₹410.00
World�s Greatest Books For Personal Growth & Wealth (Set of 4 Books) : Perfect Motivational Gift Set [Paperback] Dale Carnegie; Napoleon Hill; Dr. Joseph Murphy and George S. Clason,Dale Carnegie,4.5,₹349.00
All In One Social Science CBSE Class 10th Based On Latest NCERT For CBSE Exams 2025 | Mind map in each chapter | Clear & Concise Theory | Intext & Chapter Exercises | Sample Question Papers,Susmita Dhar Kriti Arora,4.2,₹375.00
The Magic of the Lost Temple,Sudha Murty,4.6,₹199.00
"Brain Activity Book for Kids - 200+ Activities for Age 3+ - Kids Activity Book - Early Learning - Activities for Children - Maths, English, Mazes, Spot the Differences, Word Search",Maple Press,4.4,₹88.00
The Art of Laziness: Overcome Procrastination & Improve Your Productivity,Library Mindset,4.4,₹182.00
All In One English Core class 12th Based On Latest NCERT For CBSE Exams 2025 | Mind map in each chapter | Clear & Concise Theory | Intext & Chapter Exercises | Sample Question Papers,Prerna Kain Srishti Agarwal,4.7,₹370.00
"MTG Objective NCERT at your FINGERTIPS Chemistry - NCERT Notes with HD Pages, Exam Archive & MCQs | Based on NMC NEET Rationalised Syllabus, NEET-JEE Books (Latest & Revised Edition 2024-2025)",MTG Editorial Board,4.4,₹435.00
"Quantitative Aptitude for Competitive Examinations All Government and Entrance Exams (Banking, SSC, Railway, Police, Civil Service, etc.) 40 Videos | 2000+ Solved Examples | 10000+ Practice Questions",R. S Aggarwal,4.4,₹550.00
"My First 1000 Words: Early Learning Picture Book to learn Alphabet, Numbers, Shapes and Colours, Transport, Birds and Animals, Professions, Opposite Words, Action Words, Parts of the body and Objects Around Us. [Paperback] Wonder House Books",Wonder House Books,4.5,₹189.00
Shrimad Bhagwat Geeta Yatharoop (Hindi),A.C. Bhaktivendanta Swami Prabhupada,4.8,₹200.00
"Educart CBSE Class 10 One Shot Question Bank 2024-25 Science, Mathematics, Social Science and English (Updated for 2025 Exam) 4 Book Bundle",Prashant Kirad,4.5,"₹1,357.00"
How to Win Friends and Influence People : Original Edition | Premium Paperback,Dale Carnegie,4.5,₹135.00
RAM C/O ANANDHI,AKHIL P DHARMAJAN,4.4,₹306.00
"SSC TCS PYQs Mathematics Chapterwise & Typewise Solved Papers 11950+ Till - December 2023 (Stat. & Probab.) (Detailed & Short Sol.):Tcs Pyqs of Cgl;Cpo;Chsl;Mts;DP,GD Covered (English Medium)(4599)",Kiran Institute of Career Excellence,4.1,₹548.00
Maths Concept King All Formulas and Theorum | Smart Tricks | Arithmetic & Advance Maths,Gagan Pratap Sir,4.7,₹239.00
BlackBook of English Vocabulary May 2024 by Nikhil Gupta,Nikhil Gupta,4.5,₹299.00
Atomic Habits : the life-changing million-copy #1 bestseller,James Clear,4.6,₹476.00
My First Library: Boxset of 10 Board Books for Kids [Board book] Wonder House Books,Wonder House Books,4.5,₹399.00
Lucent General Knowledge - New Reduced Price Ediiton - 13th - Edition for 2024 Exams and Increased Number of Pages (458 Pages) - [Original Copy Only - ENGLISH MEDIUM],Binay Karna,4.4,₹209.00
The Power of Your Subconscious Mind: Original Edition | Premium Paperback,Joseph Murphy,4.5,₹149.00
Ikigai,Francesc Miralles,4.6,₹348.00
Don't Believe Everything You Think (English),Joseph Nguyen,4.5,₹177.00
PW Calculus Core Fear No More Calculus Book By Sachin Jakhar For JEE Main & Advanced l Integral & Differential Calculus,Sachin Jakhar,4.7,₹460.00
The Psychology of Money,Morgan Housel,4.6,₹274.00
Lucifer was Innocent: The Red Pill,Tirth Raj Parsana,3.6,₹369.00
"Conceptual Physics, 12e",Paul G. Hewitt,4.5,₹899.00
"MTG Objective NCERT at your FINGERTIPS Biology - NCERT Notes with HD Pages, Exam Archive & MCQs | Based on NMC NEET Rationalised Syllabus, NEET Books (Latest & Revised Edition 2024-2025",MTG Editorial Board,4.4,₹595.00
Animals Tales From Panchtantra: Timeless Stories for Children From Ancient India [Hardcover] Wonder House Books,Wonder House Books,4.5,₹199.00
BRAHMASTRA Complete Maths Multicolored Formula Book Second Edition BILINGUAL by Aditya Ranjan Sir,Aditya Ranjan Sir,4.5,₹150.00
My First Book of Patterns Pencil Control: Patterns Practice book for kids (Pattern Writing) [Paperback] Wonder House Books,Wonder House Books,4.4,₹98.00
Indian Polity for UPSC (English)|7th Edition|Civil Services Exam| State Administrative Exams,M Laxmikanth,4.6,₹739.00
Word Power Made Easy By Norman Lewis (More than 700 Pages),Norman Lewis,4.4,₹97.00
Mathematics class 10th and MCQs - by R.D. Sharma (2024-25 Examination),R.D. Sharma,4.5,₹435.00
The Power of Your Subconscious Mind,Joseph Murphy,4.5,₹137.00
"THE SILENT PATIENT [Paperback] Michaelides, Alex",Alex Michaelides,4.5,₹247.00
101 Copy Coloring: Fun Activity Book For Children [Paperback] Wonder House Books,Wonder House Books,4.5,₹149.00
"Moral Story Books for Kids (Illustrated) - English Short Stories with Colourful Pictures - Bedtime Children Story Book - 3 Years to 6 Years Old Children - Read Aloud to Infants, Toddlers (Set of 10 Books)",Maple Press,4.5,₹220.00
1001 Ultimate Brain Booster Activities for 4+ Years Old Kids |Enhance the Child Mind with Cognitive Excellence with Interactive Activity Book,Team Pegasus,4.6,₹297.00
"Grandma's Bag of Stories: Collection of 20+ Illustrated short stories, traditional Indian folk tales for all ages for children of all ages by Sudha Murty [Paperback] Sudha Murty",Murty Sudha,4.6,₹199.00
Nta Ugc Net '24 Paper 1 By Kvs Madaan|Teaching And Research Aptitude Net/Set/Jrf|Includes 2023 Paper (2 Sets) & 23 Years Chapter Wise Solved Previous Year Questions|Includes 2600+ Questions,KVS Madaan,4.2,₹330.00
Rich Dad Poor Dad: 25th Anniversary Edition,Robert T. Kiyosaki,4.5,₹372.00
"MINtile Sank Magic Practice Copybook, (4 Book + 10 Refill) Number Tracing Book for Preschoolers with Pen, Magic Calligraphy Copybook Set Practical Reusable Writing Tool Simple Hand Lettering",Sank Magic,4.0,₹110.00
"My First Mythology Tale (Illustrated) (Set of 5 Books) - Mahabharata, Krishna, Hanuman, Ganesha, Ramayana - Story Books for Kids - English Short Stories - Read Aloud to Infants, Toddlers",Maple Press,4.4,₹170.00
"Writing Practice Boxset: Pack of 4 Books (Writing Fun: Write And Practice Capital Letters, Small Letters, Patterns and Numbers 1 to 10) [Paperback] Wonder House Books",Wonder House Books,4.3,₹199.00
"The Palace of Illusions: 10th Anniversary Edition [Paperback] Banerjee Divakaruni, Chitra",Chitra Banerjee Divakaruni,4.5,₹324.35
"Oswaal CBSE Question Bank Class 10 Science, Chapterwise and Topicwise Solved Papers For Board Exams 2025",Oswaal Editorial Board,4.5,₹594.00
"Courage To Be Disliked, The: How to free yourself, change your life and achieve real happiness (Courage To series)",Ichiro Kishimi and Fumitake Koga,4.6,₹329.00
11 Rules For Life: Secrets to Level Up,Chetan Bhagat,4.6,₹183.00
Coloring Books Box Set: Pack of 12 Copy Color Books For Children [Paperback] Wonder House Books,Wonder House Books,4.4,₹369.00
All In One Science CBSE Class 10th Based On Latest NCERT For CBSE Exams 2025 | Mind map in each chapter | Clear & Concise Theory | Intext & Chapter Exercises | Sample Question Papers,"Dr. parul Goel Ranjan , Abhshek Gupta",4.4,₹410.00
World�s Greatest Books For Personal Growth & Wealth (Set of 4 Books) : Perfect Motivational Gift Set [Paperback] Dale Carnegie; Napoleon Hill; Dr. Joseph Murphy and George S. Clason,Dale Carnegie,4.5,₹349.00
All In One Social Science CBSE Class 10th Based On Latest NCERT For CBSE Exams 2025 | Mind map in each chapter | Clear & Concise Theory | Intext & Chapter Exercises | Sample Question Papers,Susmita Dhar Kriti Arora,4.2,₹375.00
The Magic of the Lost Temple,Sudha Murty,4.6,₹199.00
"Brain Activity Book for Kids - 200+ Activities for Age 3+ - Kids Activity Book - Early Learning - Activities for Children - Maths, English, Mazes, Spot the Differences, Word Search",Maple Press,4.4,₹88.00
The Art of Laziness: Overcome Procrastination & Improve Your Productivity,Library Mindset,4.4,₹182.00
All In One English Core class 12th Based On Latest NCERT For CBSE Exams 2025 | Mind map in each chapter | Clear & Concise Theory | Intext & Chapter Exercises | Sample Question Papers,Prerna Kain Srishti Agarwal,4.7,₹370.00
"MTG Objective NCERT at your FINGERTIPS Chemistry - NCERT Notes with HD Pages, Exam Archive & MCQs | Based on NMC NEET Rationalised Syllabus, NEET-JEE Books (Latest & Revised Edition 2024-2025)",MTG Editorial Board,4.4,₹435.00
"Quantitative Aptitude for Competitive Examinations All Government and Entrance Exams (Banking, SSC, Railway, Police, Civil Service, etc.) 40 Videos | 2000+ Solved Examples | 10000+ Practice Questions",R. S Aggarwal,4.4,₹550.00
"My First 1000 Words: Early Learning Picture Book to learn Alphabet, Numbers, Shapes and Colours, Transport, Birds and Animals, Professions, Opposite Words, Action Words, Parts of the body and Objects Around Us. [Paperback] Wonder House Books",Wonder House Books,4.5,₹189.00
Shrimad Bhagwat Geeta Yatharoop (Hindi),A.C. Bhaktivendanta Swami Prabhupada,4.8,₹200.00
"Educart CBSE Class 10 One Shot Question Bank 2024-25 Science, Mathematics, Social Science and English (Updated for 2025 Exam) 4 Book Bundle",Prashant Kirad,4.5,"₹1,357.00"
How to Win Friends and Influence People : Original Edition | Premium Paperback,Dale Carnegie,4.5,₹135.00
RAM C/O ANANDHI,AKHIL P DHARMAJAN,4.4,₹306.00
"SSC TCS PYQs Mathematics Chapterwise & Typewise Solved Papers 11950+ Till - December 2023 (Stat. & Probab.) (Detailed & Short Sol.):Tcs Pyqs of Cgl;Cpo;Chsl;Mts;DP,GD Covered (English Medium)(4599)",Kiran Institute of Career Excellence,4.1,₹548.00
Maths Concept King All Formulas and Theorum | Smart Tricks | Arithmetic & Advance Maths,Gagan Pratap Sir,4.7,₹239.00
BlackBook of English Vocabulary May 2024 by Nikhil Gupta,Nikhil Gupta,4.5,₹299.00
Atomic Habits : the life-changing million-copy #1 bestseller,James Clear,4.6,₹476.00
My First Library: Boxset of 10 Board Books for Kids [Board book] Wonder House Books,Wonder House Books,4.5,₹399.00
Lucent General Knowledge - New Reduced Price Ediiton - 13th - Edition for 2024 Exams and Increased Number of Pages (458 Pages) - [Original Copy Only - ENGLISH MEDIUM],Binay Karna,4.4,₹209.00
The Power of Your Subconscious Mind: Original Edition | Premium Paperback,Joseph Murphy,4.5,₹149.00
Ikigai,Francesc Miralles,4.6,₹348.00
Don't Believe Everything You Think (English),Joseph Nguyen,4.5,₹177.00
PW Calculus Core Fear No More Calculus Book By Sachin Jakhar For JEE Main & Advanced l Integral & Differential Calculus,Sachin Jakhar,4.7,₹460.00
The Psychology of Money,Morgan Housel,4.6,₹274.00
Lucifer was Innocent: The Red Pill,Tirth Raj Parsana,3.6,₹369.00
"Conceptual Physics, 12e",Paul G. Hewitt,4.5,₹899.00
"MTG Objective NCERT at your FINGERTIPS Biology - NCERT Notes with HD Pages, Exam Archive & MCQs | Based on NMC NEET Rationalised Syllabus, NEET Books (Latest & Revised Edition 2024-2025",MTG Editorial Board,4.4,₹595.00
Animals Tales From Panchtantra: Timeless Stories for Children From Ancient India [Hardcover] Wonder House Books,Wonder House Books,4.5,₹199.00
BRAHMASTRA Complete Maths Multicolored Formula Book Second Edition BILINGUAL by Aditya Ranjan Sir,Aditya Ranjan Sir,4.5,₹150.00
My First Book of Patterns Pencil Control: Patterns Practice book for kids (Pattern Writing) [Paperback] Wonder House Books,Wonder House Books,4.4,₹98.00
Indian Polity for UPSC (English)|7th Edition|Civil Services Exam| State Administrative Exams,M Laxmikanth,4.6,₹739.00
Word Power Made Easy By Norman Lewis (More than 700 Pages),Norman Lewis,4.4,₹97.00
Mathematics class 10th and MCQs - by R.D. Sharma (2024-25 Examination),R.D. Sharma,4.5,₹435.00
The Power of Your Subconscious Mind,Joseph Murphy,4.5,₹137.00
"THE SILENT PATIENT [Paperback] Michaelides, Alex",Alex Michaelides,4.5,₹247.00
101 Copy Coloring: Fun Activity Book For Children [Paperback] Wonder House Books,Wonder House Books,4.5,₹149.00
"Moral Story Books for Kids (Illustrated) - English Short Stories with Colourful Pictures - Bedtime Children Story Book - 3 Years to 6 Years Old Children - Read Aloud to Infants, Toddlers (Set of 10 Books)",Maple Press,4.5,₹220.00
1001 Ultimate Brain Booster Activities for 4+ Years Old Kids |Enhance the Child Mind with Cognitive Excellence with Interactive Activity Book,Team Pegasus,4.6,₹297.00
"Grandma's Bag of Stories: Collection of 20+ Illustrated short stories, traditional Indian folk tales for all ages for children of all ages by Sudha Murty [Paperback] Sudha Murty",Murty Sudha,4.6,₹199.00
Nta Ugc Net '24 Paper 1 By Kvs Madaan|Teaching And Research Aptitude Net/Set/Jrf|Includes 2023 Paper (2 Sets) & 23 Years Chapter Wise Solved Previous Year Questions|Includes 2600+ Questions,KVS Madaan,4.2,₹330.00
Rich Dad Poor Dad: 25th Anniversary Edition,Robert T. Kiyosaki,4.5,₹372.00
"MINtile Sank Magic Practice Copybook, (4 Book + 10 Refill) Number Tracing Book for Preschoolers with Pen, Magic Calligraphy Copybook Set Practical Reusable Writing Tool Simple Hand Lettering",Sank Magic,4.0,₹110.00
"My First Mythology Tale (Illustrated) (Set of 5 Books) - Mahabharata, Krishna, Hanuman, Ganesha, Ramayana - Story Books for Kids - English Short Stories - Read Aloud to Infants, Toddlers",Maple Press,4.4,₹170.00
"Writing Practice Boxset: Pack of 4 Books (Writing Fun: Write And Practice Capital Letters, Small Letters, Patterns and Numbers 1 to 10) [Paperback] Wonder House Books",Wonder House Books,4.3,₹199.00
"The Palace of Illusions: 10th Anniversary Edition [Paperback] Banerjee Divakaruni, Chitra",Chitra Banerjee Divakaruni,4.5,₹324.35
"Oswaal CBSE Question Bank Class 10 Science, Chapterwise and Topicwise Solved Papers For Board Exams 2025",Oswaal Editorial Board,4.5,₹594.00
"Courage To Be Disliked, The: How to free yourself, change your life and achieve real happiness (Courage To series)",Ichiro Kishimi and Fumitake Koga,4.6,₹329.00
11 Rules For Life: Secrets to Level Up,Chetan Bhagat,4.6,₹183.00
Coloring Books Box Set: Pack of 12 Copy Color Books For Children [Paperback] Wonder House Books,Wonder House Books,4.4,₹369.00
All In One Science CBSE Class 10th Based On Latest NCERT For CBSE Exams 2025 | Mind map in each chapter | Clear & Concise Theory | Intext & Chapter Exercises | Sample Question Papers,"Dr. parul Goel Ranjan , Abhshek Gupta",4.4,₹410.00
World�s Greatest Books For Personal Growth & Wealth (Set of 4 Books) : Perfect Motivational Gift Set [Paperback] Dale Carnegie; Napoleon Hill; Dr. Joseph Murphy and George S. Clason,Dale Carnegie,4.5,₹349.00
All In One Social Science CBSE Class 10th Based On Latest NCERT For CBSE Exams 2025 | Mind map in each chapter | Clear & Concise Theory | Intext & Chapter Exercises | Sample Question Papers,Susmita Dhar Kriti Arora,4.2,₹375.00
The Magic of the Lost Temple,Sudha Murty,4.6,₹199.00
"Brain Activity Book for Kids - 200+ Activities for Age 3+ - Kids Activity Book - Early Learning - Activities for Children - Maths, English, Mazes, Spot the Differences, Word Search",Maple Press,4.4,₹88.00
The Art of Laziness: Overcome Procrastination & Improve Your Productivity,Library Mindset,4.4,₹182.00
All In One English Core class 12th Based On Latest NCERT For CBSE Exams 2025 | Mind map in each chapter | Clear & Concise Theory | Intext & Chapter Exercises | Sample Question Papers,Prerna Kain Srishti Agarwal,4.7,₹370.00
"MTG Objective NCERT at your FINGERTIPS Chemistry - NCERT Notes with HD Pages, Exam Archive & MCQs | Based on NMC NEET Rationalised Syllabus, NEET-JEE Books (Latest & Revised Edition 2024-2025)",MTG Editorial Board,4.4,₹435.00
"Quantitative Aptitude for Competitive Examinations All Government and Entrance Exams (Banking, SSC, Railway, Police, Civil Service, etc.) 40 Videos | 2000+ Solved Examples | 10000+ Practice Questions",R. S Aggarwal,4.4,₹550.00
"My First 1000 Words: Early Learning Picture Book to learn Alphabet, Numbers, Shapes and Colours, Transport, Birds and Animals, Professions, Opposite Words, Action Words, Parts of the body and Objects Around Us. [Paperback] Wonder House Books",Wonder House Books,4.5,₹189.00
Shrimad Bhagwat Geeta Yatharoop (Hindi),A.C. Bhaktivendanta Swami Prabhupada,4.8,₹200.00
"Educart CBSE Class 10 One Shot Question Bank 2024-25 Science, Mathematics, Social Science and English (Updated for 2025 Exam) 4 Book Bundle",Prashant Kirad,4.5,"₹1,357.00"
How to Win Friends and Influence People : Original Edition | Premium Paperback,Dale Carnegie,4.5,₹135.00
RAM C/O ANANDHI,AKHIL P DHARMAJAN,4.4,₹306.00
"SSC TCS PYQs Mathematics Chapterwise & Typewise Solved Papers 11950+ Till - December 2023 (Stat. & Probab.) (Detailed & Short Sol.):Tcs Pyqs of Cgl;Cpo;Chsl;Mts;DP,GD Covered (English Medium)(4599)",Kiran Institute of Career Excellence,4.1,₹548.00
Maths Concept King All Formulas and Theorum | Smart Tricks | Arithmetic & Advance Maths,Gagan Pratap Sir,4.7,₹239.00
BlackBook of English Vocabulary May 2024 by Nikhil Gupta,Nikhil Gupta,4.5,₹299.00
Atomic Habits : the life-changing million-copy #1 bestseller,James Clear,4.6,₹476.00
My First Library: Boxset of 10 Board Books for Kids [Board book] Wonder House Books,Wonder House Books,4.5,₹399.00
Lucent General Knowledge - New Reduced Price Ediiton - 13th - Edition for 2024 Exams and Increased Number of Pages (458 Pages) - [Original Copy Only - ENGLISH MEDIUM],Binay Karna,4.4,₹209.00
The Power of Your Subconscious Mind: Original Edition | Premium Paperback,Joseph Murphy,4.5,₹149.00
Ikigai,Francesc Miralles,4.6,₹348.00
Don't Believe Everything You Think (English),Joseph Nguyen,4.5,₹177.00
PW Calculus Core Fear No More Calculus Book By Sachin Jakhar For JEE Main & Advanced l Integral & Differential Calculus,Sachin Jakhar,4.7,₹460.00
The Psychology of Money,Morgan Housel,4.6,₹274.00
Lucifer was Innocent: The Red Pill,Tirth Raj Parsana,3.6,₹369.00
"Conceptual Physics, 12e",Paul G. Hewitt,4.5,₹899.00
"MTG Objective NCERT at your FINGERTIPS Biology - NCERT Notes with HD Pages, Exam Archive & MCQs | Based on NMC NEET Rationalised Syllabus, NEET Books (Latest & Revised Edition 2024-2025",MTG Editorial Board,4.4,₹595.00
Animals Tales From Panchtantra: Timeless Stories for Children From Ancient India [Hardcover] Wonder House Books,Wonder House Books,4.5,₹199.00
BRAHMASTRA Complete Maths Multicolored Formula Book Second Edition BILINGUAL by Aditya Ranjan Sir,Aditya Ranjan Sir,4.5,₹150.00
My First Book of Patterns Pencil Control: Patterns Practice book for kids (Pattern Writing) [Paperback] Wonder House Books,Wonder House Books,4.4,₹98.00
Indian Polity for UPSC (English)|7th Edition|Civil Services Exam| State Administrative Exams,M Laxmikanth,4.6,₹739.00
Word Power Made Easy By Norman Lewis (More than 700 Pages),Norman Lewis,4.4,₹97.00
Mathematics class 10th and MCQs - by R.D. Sharma (2024-25 Examination),R.D. Sharma,4.5,₹435.00
The Power of Your Subconscious Mind,Joseph Murphy,4.5,₹137.00
"THE SILENT PATIENT [Paperback] Michaelides, Alex",Alex Michaelides,4.5,₹247.00
101 Copy Coloring: Fun Activity Book For Children [Paperback] Wonder House Books,Wonder House Books,4.5,₹149.00
"Moral Story Books for Kids (Illustrated) - English Short Stories with Colourful Pictures - Bedtime Children Story Book - 3 Years to 6 Years Old Children - Read Aloud to Infants, Toddlers (Set of 10 Books)",Maple Press,4.5,₹220.00
1001 Ultimate Brain Booster Activities for 4+ Years Old Kids |Enhance the Child Mind with Cognitive Excellence with Interactive Activity Book,Team Pegasus,4.6,₹297.00
"Grandma's Bag of Stories: Collection of 20+ Illustrated short stories, traditional Indian folk tales for all ages for children of all ages by Sudha Murty [Paperback] Sudha Murty",Murty Sudha,4.6,₹199.00
Nta Ugc Net '24 Paper 1 By Kvs Madaan|Teaching And Research Aptitude Net/Set/Jrf|Includes 2023 Paper (2 Sets) & 23 Years Chapter Wise Solved Previous Year Questions|Includes 2600+ Questions,KVS Madaan,4.2,₹330.00
Rich Dad Poor Dad: 25th Anniversary Edition,Robert T. Kiyosaki,4.5,₹372.00
"MINtile Sank Magic Practice Copybook, (4 Book + 10 Refill) Number Tracing Book for Preschoolers with Pen, Magic Calligraphy Copybook Set Practical Reusable Writing Tool Simple Hand Lettering",Sank Magic,4.0,₹110.00
"My First Mythology Tale (Illustrated) (Set of 5 Books) - Mahabharata, Krishna, Hanuman, Ganesha, Ramayana - Story Books for Kids - English Short Stories - Read Aloud to Infants, Toddlers",Maple Press,4.4,₹170.00
"Writing Practice Boxset: Pack of 4 Books (Writing Fun: Write And Practice Capital Letters, Small Letters, Patterns and Numbers 1 to 10) [Paperback] Wonder House Books",Wonder House Books,4.3,₹199.00
"The Palace of Illusions: 10th Anniversary Edition [Paperback] Banerjee Divakaruni, Chitra",Chitra Banerjee Divakaruni,4.5,₹324.35
"Oswaal CBSE Question Bank Class 10 Science, Chapterwise and Topicwise Solved Papers For Board Exams 2025",Oswaal Editorial Board,4.5,₹594.00
"Courage To Be Disliked, The: How to free yourself, change your life and achieve real happiness (Courage To series)",Ichiro Kishimi and Fumitake Koga,4.6,₹329.00
11 Rules For Life: Secrets to Level Up,Chetan Bhagat,4.6,₹183.00
Coloring Books Box Set: Pack of 12 Copy Color Books For Children [Paperback] Wonder House Books,Wonder House Books,4.4,₹369.00
All In One Science CBSE Class 10th Based On Latest NCERT For CBSE Exams 2025 | Mind map in each chapter | Clear & Concise Theory | Intext & Chapter Exercises | Sample Question Papers,"Dr. parul Goel Ranjan , Abhshek Gupta",4.4,₹410.00
World�s Greatest Books For Personal Growth & Wealth (Set of 4 Books) : Perfect Motivational Gift Set [Paperback] Dale Carnegie; Napoleon Hill; Dr. Joseph Murphy and George S. Clason,Dale Carnegie,4.5,₹349.00
All In One Social Science CBSE Class 10th Based On Latest NCERT For CBSE Exams 2025 | Mind map in each chapter | Clear & Concise Theory | Intext & Chapter Exercises | Sample Question Papers,Susmita Dhar Kriti Arora,4.2,₹375.00
The Magic of the Lost Temple,Sudha Murty,4.6,₹199.00
"Brain Activity Book for Kids - 200+ Activities for Age 3+ - Kids Activity Book - Early Learning - Activities for Children - Maths, English, Mazes, Spot the Differences, Word Search",Maple Press,4.4,₹88.00
The Art of Laziness: Overcome Procrastination & Improve Your Productivity,Library Mindset,4.4,₹182.00
All In One English Core class 12th Based On Latest NCERT For CBSE Exams 2025 | Mind map in each chapter | Clear & Concise Theory | Intext & Chapter Exercises | Sample Question Papers,Prerna Kain Srishti Agarwal,4.7,₹370.00
"MTG Objective NCERT at your FINGERTIPS Chemistry - NCERT Notes with HD Pages, Exam Archive & MCQs | Based on NMC NEET Rationalised Syllabus, NEET-JEE Books (Latest & Revised Edition 2024-2025)",MTG Editorial Board,4.4,₹435.00
"Quantitative Aptitude for Competitive Examinations All Government and Entrance Exams (Banking, SSC, Railway, Police, Civil Service, etc.) 40 Videos | 2000+ Solved Examples | 10000+ Practice Questions",R. S Aggarwal,4.4,₹550.00
"My First 1000 Words: Early Learning Picture Book to learn Alphabet, Numbers, Shapes and Colours, Transport, Birds and Animals, Professions, Opposite Words, Action Words, Parts of the body and Objects Around Us. [Paperback] Wonder House Books",Wonder House Books,4.5,₹189.00
Shrimad Bhagwat Geeta Yatharoop (Hindi),A.C. Bhaktivendanta Swami Prabhupada,4.8,₹200.00
"Educart CBSE Class 10 One Shot Question Bank 2024-25 Science, Mathematics, Social Science and English (Updated for 2025 Exam) 4 Book Bundle",Prashant Kirad,4.5,"₹1,357.00"
How to Win Friends and Influence People : Original Edition | Premium Paperback,Dale Carnegie,4.5,₹135.00
RAM C/O ANANDHI,AKHIL P DHARMAJAN,4.4,₹306.00
"SSC TCS PYQs Mathematics Chapterwise & Typewise Solved Papers 11950+ Till - December 2023 (Stat. & Probab.) (Detailed & Short Sol.):Tcs Pyqs of Cgl;Cpo;Chsl;Mts;DP,GD Covered (English Medium)(4599)",Kiran Institute of Career Excellence,4.1,₹548.00
Maths Concept King All Formulas and Theorum | Smart Tricks | Arithmetic & Advance Maths,Gagan Pratap Sir,4.7,₹239.00
BlackBook of English Vocabulary May 2024 by Nikhil Gupta,Nikhil Gupta,4.5,₹299.00
Atomic Habits : the life-changing million-copy #1 bestseller,James Clear,4.6,₹476.00
My First Library: Boxset of 10 Board Books for Kids [Board book] Wonder House Books,Wonder House Books,4.5,₹399.00
Lucent General Knowledge - New Reduced Price Ediiton - 13th - Edition for 2024 Exams and Increased Number of Pages (458 Pages) - [Original Copy Only - ENGLISH MEDIUM],Binay Karna,4.4,₹209.00
The Power of Your Subconscious Mind: Original Edition | Premium Paperback,Joseph Murphy,4.5,₹149.00
Ikigai,Francesc Miralles,4.6,₹348.00
Don't Believe Everything You Think (English),Joseph Nguyen,4.5,₹177.00
PW Calculus Core Fear No More Calculus Book By Sachin Jakhar For JEE Main & Advanced l Integral & Differential Calculus,Sachin Jakhar,4.7,₹460.00
The Psychology of Money,Morgan Housel,4.6,₹274.00
Lucifer was Innocent: The Red Pill,Tirth Raj Parsana,3.6,₹369.00
"Conceptual Physics, 12e",Paul G. Hewitt,4.5,₹899.00
"MTG Objective NCERT at your FINGERTIPS Biology - NCERT Notes with HD Pages, Exam Archive & MCQs | Based on NMC NEET Rationalised Syllabus, NEET Books (Latest & Revised Edition 2024-2025",MTG Editorial Board,4.4,₹595.00
Animals Tales From Panchtantra: Timeless Stories for Children From Ancient India [Hardcover] Wonder House Books,Wonder House Books,4.5,₹199.00
BRAHMASTRA Complete Maths Multicolored Formula Book Second Edition BILINGUAL by Aditya Ranjan Sir,Aditya Ranjan Sir,4.5,₹150.00
My First Book of Patterns Pencil Control: Patterns Practice book for kids (Pattern Writing) [Paperback] Wonder House Books,Wonder House Books,4.4,₹98.00
Indian Polity for UPSC (English)|7th Edition|Civil Services Exam| State Administrative Exams,M Laxmikanth,4.6,₹739.00
Word Power Made Easy By Norman Lewis (More than 700 Pages),Norman Lewis,4.4,₹97.00
Mathematics class 10th and MCQs - by R.D. Sharma (2024-25 Examination),R.D. Sharma,4.5,₹435.00
The Power of Your Subconscious Mind,Joseph Murphy,4.5,₹137.00
"THE SILENT PATIENT [Paperback] Michaelides, Alex",Alex Michaelides,4.5,₹247.00
101 Copy Coloring: Fun Activity Book For Children [Paperback] Wonder House Books,Wonder House Books,4.5,₹149.00
"Moral Story Books for Kids (Illustrated) - English Short Stories with Colourful Pictures - Bedtime Children Story Book - 3 Years to 6 Years Old Children - Read Aloud to Infants, Toddlers (Set of 10 Books)",Maple Press,4.5,₹220.00
1001 Ultimate Brain Booster Activities for 4+ Years Old Kids |Enhance the Child Mind with Cognitive Excellence with Interactive Activity Book,Team Pegasus,4.6,₹297.00
"Grandma's Bag of Stories: Collection of 20+ Illustrated short stories, traditional Indian folk tales for all ages for children of all ages by Sudha Murty [Paperback] Sudha Murty",Murty Sudha,4.6,₹199.00
Nta Ugc Net '24 Paper 1 By Kvs Madaan|Teaching And Research Aptitude Net/Set/Jrf|Includes 2023 Paper (2 Sets) & 23 Years Chapter Wise Solved Previous Year Questions|Includes 2600+ Questions,KVS Madaan,4.2,₹330.00
Rich Dad Poor Dad: 25th Anniversary Edition,Robert T. Kiyosaki,4.5,₹372.00
"MINtile Sank Magic Practice Copybook, (4 Book + 10 Refill) Number Tracing Book for Preschoolers with Pen, Magic Calligraphy Copybook Set Practical Reusable Writing Tool Simple Hand Lettering",Sank Magic,4.0,₹110.00
"My First Mythology Tale (Illustrated) (Set of 5 Books) - Mahabharata, Krishna, Hanuman, Ganesha, Ramayana - Story Books for Kids - English Short Stories - Read Aloud to Infants, Toddlers",Maple Press,4.4,₹170.00
"Writing Practice Boxset: Pack of 4 Books (Writing Fun: Write And Practice Capital Letters, Small Letters, Patterns and Numbers 1 to 10) [Paperback] Wonder House Books",Wonder House Books,4.3,₹199.00
"The Palace of Illusions: 10th Anniversary Edition [Paperback] Banerjee Divakaruni, Chitra",Chitra Banerjee Divakaruni,4.5,₹324.35
"Oswaal CBSE Question Bank Class 10 Science, Chapterwise and Topicwise Solved Papers For Board Exams 2025",Oswaal Editorial Board,4.5,₹594.00
"Courage To Be Disliked, The: How to free yourself, change your life and achieve real happiness (Courage To series)",Ichiro Kishimi and Fumitake Koga,4.6,₹329.00
11 Rules For Life: Secrets to Level Up,Chetan Bhagat,4.6,₹183.00
Coloring Books Box Set: Pack of 12 Copy Color Books For Children [Paperback] Wonder House Books,Wonder House Books,4.4,₹369.00
All In One Science CBSE Class 10th Based On Latest NCERT For CBSE Exams 2025 | Mind map in each chapter | Clear & Concise Theory | Intext & Chapter Exercises | Sample Question Papers,"Dr. parul Goel Ranjan , Abhshek Gupta",4.4,₹410.00
World�s Greatest Books For Personal Growth & Wealth (Set of 4 Books) : Perfect Motivational Gift Set [Paperback] Dale Carnegie; Napoleon Hill; Dr. Joseph Murphy and George S. Clason,Dale Carnegie,4.5,₹349.00
All In One Social Science CBSE Class 10th Based On Latest NCERT For CBSE Exams 2025 | Mind map in each chapter | Clear & Concise Theory | Intext & Chapter Exercises | Sample Question Papers,Susmita Dhar Kriti Arora,4.2,₹375.00
The Magic of the Lost Temple,Sudha Murty,4.6,₹199.00
"Brain Activity Book for Kids - 200+ Activities for Age 3+ - Kids Activity Book - Early Learning - Activities for Children - Maths, English, Mazes, Spot the Differences, Word Search",Maple Press,4.4,₹88.00
The Art of Laziness: Overcome Procrastination & Improve Your Productivity,Library Mindset,4.4,₹182.00
All In One English Core class 12th Based On Latest NCERT For CBSE Exams 2025 | Mind map in each chapter | Clear & Concise Theory | Intext & Chapter Exercises | Sample Question Papers,Prerna Kain Srishti Agarwal,4.7,₹370.00
"MTG Objective NCERT at your FINGERTIPS Chemistry - NCERT Notes with HD Pages, Exam Archive & MCQs | Based on NMC NEET Rationalised Syllabus, NEET-JEE Books (Latest & Revised Edition 2024-2025)",MTG Editorial Board,4.4,₹435.00
"Quantitative Aptitude for Competitive Examinations All Government and Entrance Exams (Banking, SSC, Railway, Police, Civil Service, etc.) 40 Videos | 2000+ Solved Examples | 10000+ Practice Questions",R. S Aggarwal,4.4,₹550.00
"My First 1000 Words: Early Learning Picture Book to learn Alphabet, Numbers, Shapes and Colours, Transport, Birds and Animals, Professions, Opposite Words, Action Words, Parts of the body and Objects Around Us. [Paperback] Wonder House Books",Wonder House Books,4.5,₹189.00
Shrimad Bhagwat Geeta Yatharoop (Hindi),A.C. Bhaktivendanta Swami Prabhupada,4.8,₹200.00
"Educart CBSE Class 10 One Shot Question Bank 2024-25 Science, Mathematics, Social Science and English (Updated for 2025 Exam) 4 Book Bundle",Prashant Kirad,4.5,"₹1,357.00"
How to Win Friends and Influence People : Original Edition | Premium Paperback,Dale Carnegie,4.5,₹135.00
RAM C/O ANANDHI,AKHIL P DHARMAJAN,4.4,₹306.00
"SSC TCS PYQs Mathematics Chapterwise & Typewise Solved Papers 11950+ Till - December 2023 (Stat. & Probab.) (Detailed & Short Sol.):Tcs Pyqs of Cgl;Cpo;Chsl;Mts;DP,GD Covered (English Medium)(4599)",Kiran Institute of Career Excellence,4.1,₹548.00
Maths Concept King All Formulas and Theorum | Smart Tricks | Arithmetic & Advance Maths,Gagan Pratap Sir,4.7,₹239.00
BlackBook of English Vocabulary May 2024 by Nikhil Gupta,Nikhil Gupta,4.5,₹299.00
Atomic Habits : the life-changing million-copy #1 bestseller,James Clear,4.6,₹476.00
My First Library: Boxset of 10 Board Books for Kids [Board book] Wonder House Books,Wonder House Books,4.5,₹399.00
Lucent General Knowledge - New Reduced Price Ediiton - 13th - Edition for 2024 Exams and Increased Number of Pages (458 Pages) - [Original Copy Only - ENGLISH MEDIUM],Binay Karna,4.4,₹209.00
The Power of Your Subconscious Mind: Original Edition | Premium Paperback,Joseph Murphy,4.5,₹149.00
Ikigai,Francesc Miralles,4.6,₹348.00
Don't Believe Everything You Think (English),Joseph Nguyen,4.5,₹177.00
PW Calculus Core Fear No More Calculus Book By Sachin Jakhar For JEE Main & Advanced l Integral & Differential Calculus,Sachin Jakhar,4.7,₹460.00
The Psychology of Money,Morgan Housel,4.6,₹274.00
Lucifer was Innocent: The Red Pill,Tirth Raj Parsana,3.6,₹369.00
"Conceptual Physics, 12e",Paul G. Hewitt,4.5,₹899.00
"MTG Objective NCERT at your FINGERTIPS Biology - NCERT Notes with HD Pages, Exam Archive & MCQs | Based on NMC NEET Rationalised Syllabus, NEET Books (Latest & Revised Edition 2024-2025",MTG Editorial Board,4.4,₹595.00
Animals Tales From Panchtantra: Timeless Stories for Children From Ancient India [Hardcover] Wonder House Books,Wonder House Books,4.5,₹199.00
BRAHMASTRA Complete Maths Multicolored Formula Book Second Edition BILINGUAL by Aditya Ranjan Sir,Aditya Ranjan Sir,4.5,₹150.00
My First Book of Patterns Pencil Control: Patterns Practice book for kids (Pattern Writing) [Paperback] Wonder House Books,Wonder House Books,4.4,₹98.00
Indian Polity for UPSC (English)|7th Edition|Civil Services Exam| State Administrative Exams,M Laxmikanth,4.6,₹739.00
Word Power Made Easy By Norman Lewis (More than 700 Pages),Norman Lewis,4.4,₹97.00
Mathematics class 10th and MCQs - by R.D. Sharma (2024-25 Examination),R.D. Sharma,4.5,₹435.00
The Power of Your Subconscious Mind,Joseph Murphy,4.5,₹137.00
"THE SILENT PATIENT [Paperback] Michaelides, Alex",Alex Michaelides,4.5,₹247.00
101 Copy Coloring: Fun Activity Book For Children [Paperback] Wonder House Books,Wonder House Books,4.5,₹149.00
"Moral Story Books for Kids (Illustrated) - English Short Stories with Colourful Pictures - Bedtime Children Story Book - 3 Years to 6 Years Old Children - Read Aloud to Infants, Toddlers (Set of 10 Books)",Maple Press,4.5,₹220.00
1001 Ultimate Brain Booster Activities for 4+ Years Old Kids |Enhance the Child Mind with Cognitive Excellence with Interactive Activity Book,Team Pegasus,4.6,₹297.00
"Grandma's Bag of Stories: Collection of 20+ Illustrated short stories, traditional Indian folk tales for all ages for children of all ages by Sudha Murty [Paperback] Sudha Murty",Murty Sudha,4.6,₹199.00
Nta Ugc Net '24 Paper 1 By Kvs Madaan|Teaching And Research Aptitude Net/Set/Jrf|Includes 2023 Paper (2 Sets) & 23 Years Chapter Wise Solved Previous Year Questions|Includes 2600+ Questions,KVS Madaan,4.2,₹330.00
Rich Dad Poor Dad: 25th Anniversary Edition,Robert T. Kiyosaki,4.5,₹372.00
"MINtile Sank Magic Practice Copybook, (4 Book + 10 Refill) Number Tracing Book for Preschoolers with Pen, Magic Calligraphy Copybook Set Practical Reusable Writing Tool Simple Hand Lettering",Sank Magic,4.0,₹110.00
"My First Mythology Tale (Illustrated) (Set of 5 Books) - Mahabharata, Krishna, Hanuman, Ganesha, Ramayana - Story Books for Kids - English Short Stories - Read Aloud to Infants, Toddlers",Maple Press,4.4,₹170.00
"Writing Practice Boxset: Pack of 4 Books (Writing Fun: Write And Practice Capital Letters, Small Letters, Patterns and Numbers 1 to 10) [Paperback] Wonder House Books",Wonder House Books,4.3,₹199.00
"The Palace of Illusions: 10th Anniversary Edition [Paperback] Banerjee Divakaruni, Chitra",Chitra Banerjee Divakaruni,4.5,₹324.35
"Oswaal CBSE Question Bank Class 10 Science, Chapterwise and Topicwise Solved Papers For Board Exams 2025",Oswaal Editorial Board,4.5,₹594.00
"Courage To Be Disliked, The: How to free yourself, change your life and achieve real happiness (Courage To series)",Ichiro Kishimi and Fumitake Koga,4.6,₹329.00
11 Rules For Life: Secrets to Level Up,Chetan Bhagat,4.6,₹183.00
Coloring Books Box Set: Pack of 12 Copy Color Books For Children [Paperback] Wonder House Books,Wonder House Books,4.4,₹369.00
All In One Science CBSE Class 10th Based On Latest NCERT For CBSE Exams 2025 | Mind map in each chapter | Clear & Concise Theory | Intext & Chapter Exercises | Sample Question Papers,"Dr. parul Goel Ranjan , Abhshek Gupta",4.4,₹410.00
World�s Greatest Books For Personal Growth & Wealth (Set of 4 Books) : Perfect Motivational Gift Set [Paperback] Dale Carnegie; Napoleon Hill; Dr. Joseph Murphy and George S. Clason,Dale Carnegie,4.5,₹349.00
All In One Social Science CBSE Class 10th Based On Latest NCERT For CBSE Exams 2025 | Mind map in each chapter | Clear & Concise Theory | Intext & Chapter Exercises | Sample Question Papers,Susmita Dhar Kriti Arora,4.2,₹375.00
The Magic of the Lost Temple,Sudha Murty,4.6,₹199.00
"Brain Activity Book for Kids - 200+ Activities for Age 3+ - Kids Activity Book - Early Learning - Activities for Children - Maths, English, Mazes, Spot the Differences, Word Search",Maple Press,4.4,₹88.00
The Art of Laziness: Overcome Procrastination & Improve Your Productivity,Library Mindset,4.4,₹182.00
All In One English Core class 12th Based On Latest NCERT For CBSE Exams 2025 | Mind map in each chapter | Clear & Concise Theory | Intext & Chapter Exercises | Sample Question Papers,Prerna Kain Srishti Agarwal,4.7,₹370.00
"MTG Objective NCERT at your FINGERTIPS Chemistry - NCERT Notes with HD Pages, Exam Archive & MCQs | Based on NMC NEET Rationalised Syllabus, NEET-JEE Books (Latest & Revised Edition 2024-2025)",MTG Editorial Board,4.4,₹435.00
"Quantitative Aptitude for Competitive Examinations All Government and Entrance Exams (Banking, SSC, Railway, Police, Civil Service, etc.) 40 Videos | 2000+ Solved Examples | 10000+ Practice Questions",R. S Aggarwal,4.4,₹550.00
"My First 1000 Words: Early Learning Picture Book to learn Alphabet, Numbers, Shapes and Colours, Transport, Birds and Animals, Professions, Opposite Words, Action Words, Parts of the body and Objects Around Us. [Paperback] Wonder House Books",Wonder House Books,4.5,₹189.00
Shrimad Bhagwat Geeta Yatharoop (Hindi),A.C. Bhaktivendanta Swami Prabhupada,4.8,₹200.00
"Educart CBSE Class 10 One Shot Question Bank 2024-25 Science, Mathematics, Social Science and English (Updated for 2025 Exam) 4 Book Bundle",Prashant Kirad,4.5,"₹1,357.00"
How to Win Friends and Influence People : Original Edition | Premium Paperback,Dale Carnegie,4.5,₹135.00
RAM C/O ANANDHI,AKHIL P DHARMAJAN,4.4,₹306.00
"SSC TCS PYQs Mathematics Chapterwise & Typewise Solved Papers 11950+ Till - December 2023 (Stat. & Probab.) (Detailed & Short Sol.):Tcs Pyqs of Cgl;Cpo;Chsl;Mts;DP,GD Covered (English Medium)(4599)",Kiran Institute of Career Excellence,4.1,₹548.00
Maths Concept King All Formulas and Theorum | Smart Tricks | Arithmetic & Advance Maths,Gagan Pratap Sir,4.7,₹239.00
BlackBook of English Vocabulary May 2024 by Nikhil Gupta,Nikhil Gupta,4.5,₹299.00
Atomic Habits : the life-changing million-copy #1 bestseller,James Clear,4.6,₹476.00
My First Library: Boxset of 10 Board Books for Kids [Board book] Wonder House Books,Wonder House Books,4.5,₹399.00
Lucent General Knowledge - New Reduced Price Ediiton - 13th - Edition for 2024 Exams and Increased Number of Pages (458 Pages) - [Original Copy Only - ENGLISH MEDIUM],Binay Karna,4.4,₹209.00
The Power of Your Subconscious Mind: Original Edition | Premium Paperback,Joseph Murphy,4.5,₹149.00
Ikigai,Francesc Miralles,4.6,₹348.00
Don't Believe Everything You Think (English),Joseph Nguyen,4.5,₹177.00
PW Calculus Core Fear No More Calculus Book By Sachin Jakhar For JEE Main & Advanced l Integral & Differential Calculus,Sachin Jakhar,4.7,₹460.00
The Psychology of Money,Morgan Housel,4.6,₹274.00
Lucifer was Innocent: The Red Pill,Tirth Raj Parsana,3.6,₹369.00
"Conceptual Physics, 12e",Paul G. Hewitt,4.5,₹899.00
"MTG Objective NCERT at your FINGERTIPS Biology - NCERT Notes with HD Pages, Exam Archive & MCQs | Based on NMC NEET Rationalised Syllabus, NEET Books (Latest & Revised Edition 2024-2025",MTG Editorial Board,4.4,₹595.00
Animals Tales From Panchtantra: Timeless Stories for Children From Ancient India [Hardcover] Wonder House Books,Wonder House Books,4.5,₹199.00
BRAHMASTRA Complete Maths Multicolored Formula Book Second Edition BILINGUAL by Aditya Ranjan Sir,Aditya Ranjan Sir,4.5,₹150.00
My First Book of Patterns Pencil Control: Patterns Practice book for kids (Pattern Writing) [Paperback] Wonder House Books,Wonder House Books,4.4,₹98.00
Indian Polity for UPSC (English)|7th Edition|Civil Services Exam| State Administrative Exams,M Laxmikanth,4.6,₹739.00
Word Power Made Easy By Norman Lewis (More than 700 Pages),Norman Lewis,4.4,₹97.00
Mathematics class 10th and MCQs - by R.D. Sharma (2024-25 Examination),R.D. Sharma,4.5,₹435.00
The Power of Your Subconscious Mind,Joseph Murphy,4.5,₹137.00
"THE SILENT PATIENT [Paperback] Michaelides, Alex",Alex Michaelides,4.5,₹247.00
101 Copy Coloring: Fun Activity Book For Children [Paperback] Wonder House Books,Wonder House Books,4.5,₹149.00
"Moral Story Books for Kids (Illustrated) - English Short Stories with Colourful Pictures - Bedtime Children Story Book - 3 Years to 6 Years Old Children - Read Aloud to Infants, Toddlers (Set of 10 Books)",Maple Press,4.5,₹220.00
1001 Ultimate Brain Booster Activities for 4+ Years Old Kids |Enhance the Child Mind with Cognitive Excellence with Interactive Activity Book,Team Pegasus,4.6,₹297.00
"Grandma's Bag of Stories: Collection of 20+ Illustrated short stories, traditional Indian folk tales for all ages for children of all ages by Sudha Murty [Paperback] Sudha Murty",Murty Sudha,4.6,₹199.00
Nta Ugc Net '24 Paper 1 By Kvs Madaan|Teaching And Research Aptitude Net/Set/Jrf|Includes 2023 Paper (2 Sets) & 23 Years Chapter Wise Solved Previous Year Questions|Includes 2600+ Questions,KVS Madaan,4.2,₹330.00
Rich Dad Poor Dad: 25th Anniversary Edition,Robert T. Kiyosaki,4.5,₹372.00
"MINtile Sank Magic Practice Copybook, (4 Book + 10 Refill) Number Tracing Book for Preschoolers with Pen, Magic Calligraphy Copybook Set Practical Reusable Writing Tool Simple Hand Lettering",Sank Magic,4.0,₹110.00
"My First Mythology Tale (Illustrated) (Set of 5 Books) - Mahabharata, Krishna, Hanuman, Ganesha, Ramayana - Story Books for Kids - English Short Stories - Read Aloud to Infants, Toddlers",Maple Press,4.4,₹170.00
"Writing Practice Boxset: Pack of 4 Books (Writing Fun: Write And Practice Capital Letters, Small Letters, Patterns and Numbers 1 to 10) [Paperback] Wonder House Books",Wonder House Books,4.3,₹199.00
"The Palace of Illusions: 10th Anniversary Edition [Paperback] Banerjee Divakaruni, Chitra",Chitra Banerjee Divakaruni,4.5,₹324.35
"Oswaal CBSE Question Bank Class 10 Science, Chapterwise and Topicwise Solved Papers For Board Exams 2025",Oswaal Editorial Board,4.5,₹594.00
"Courage To Be Disliked, The: How to free yourself, change your life and achieve real happiness (Courage To series)",Ichiro Kishimi and Fumitake Koga,4.6,₹329.00
11 Rules For Life: Secrets to Level Up,Chetan Bhagat,4.6,₹183.00
Coloring Books Box Set: Pack of 12 Copy Color Books For Children [Paperback] Wonder House Books,Wonder House Books,4.4,₹369.00
All In One Science CBSE Class 10th Based On Latest NCERT For CBSE Exams 2025 | Mind map in each chapter | Clear & Concise Theory | Intext & Chapter Exercises | Sample Question Papers,"Dr. parul Goel Ranjan , Abhshek Gupta",4.4,₹410.00
World�s Greatest Books For Personal Growth & Wealth (Set of 4 Books) : Perfect Motivational Gift Set [Paperback] Dale Carnegie; Napoleon Hill; Dr. Joseph Murphy and George S. Clason,Dale Carnegie,4.5,₹349.00
All In One Social Science CBSE Class 10th Based On Latest NCERT For CBSE Exams 2025 | Mind map in each chapter | Clear & Concise Theory | Intext & Chapter Exercises | Sample Question Papers,Susmita Dhar Kriti Arora,4.2,₹375.00
The Magic of the Lost Temple,Sudha Murty,4.6,₹199.00
"Brain Activity Book for Kids - 200+ Activities for Age 3+ - Kids Activity Book - Early Learning - Activities for Children - Maths, English, Mazes, Spot the Differences, Word Search",Maple Press,4.4,₹88.00
The Art of Laziness: Overcome Procrastination & Improve Your Productivity,Library Mindset,4.4,₹182.00
All In One English Core class 12th Based On Latest NCERT For CBSE Exams 2025 | Mind map in each chapter | Clear & Concise Theory | Intext & Chapter Exercises | Sample Question Papers,Prerna Kain Srishti Agarwal,4.7,₹370.00
"MTG Objective NCERT at your FINGERTIPS Chemistry - NCERT Notes with HD Pages, Exam Archive & MCQs | Based on NMC NEET Rationalised Syllabus, NEET-JEE Books (Latest & Revised Edition 2024-2025)",MTG Editorial Board,4.4,₹435.00
"Quantitative Aptitude for Competitive Examinations All Government and Entrance Exams (Banking, SSC, Railway, Police, Civil Service, etc.) 40 Videos | 2000+ Solved Examples | 10000+ Practice Questions",R. S Aggarwal,4.4,₹550.00
"My First 1000 Words: Early Learning Picture Book to learn Alphabet, Numbers, Shapes and Colours, Transport, Birds and Animals, Professions, Opposite Words, Action Words, Parts of the body and Objects Around Us. [Paperback] Wonder House Books",Wonder House Books,4.5,₹189.00
Shrimad Bhagwat Geeta Yatharoop (Hindi),A.C. Bhaktivendanta Swami Prabhupada,4.8,₹200.00
"Educart CBSE Class 10 One Shot Question Bank 2024-25 Science, Mathematics, Social Science and English (Updated for 2025 Exam) 4 Book Bundle",Prashant Kirad,4.5,"₹1,357.00"
How to Win Friends and Influence People : Original Edition | Premium Paperback,Dale Carnegie,4.5,₹135.00
RAM C/O ANANDHI,AKHIL P DHARMAJAN,4.4,₹306.00
"SSC TCS PYQs Mathematics Chapterwise & Typewise Solved Papers 11950+ Till - December 2023 (Stat. & Probab.) (Detailed & Short Sol.):Tcs Pyqs of Cgl;Cpo;Chsl;Mts;DP,GD Covered (English Medium)(4599)",Kiran Institute of Career Excellence,4.1,₹548.00
Maths Concept King All Formulas and Theorum | Smart Tricks | Arithmetic & Advance Maths,Gagan Pratap Sir,4.7,₹239.00
BlackBook of English Vocabulary May 2024 by Nikhil Gupta,Nikhil Gupta,4.5,₹299.00
Atomic Habits : the life-changing million-copy #1 bestseller,James Clear,4.6,₹476.00
My First Library: Boxset of 10 Board Books for Kids [Board book] Wonder House Books,Wonder House Books,4.5,₹399.00
Lucent General Knowledge - New Reduced Price Ediiton - 13th - Edition for 2024 Exams and Increased Number of Pages (458 Pages) - [Original Copy Only - ENGLISH MEDIUM],Binay Karna,4.4,₹209.00
The Power of Your Subconscious Mind: Original Edition | Premium Paperback,Joseph Murphy,4.5,₹149.00
Ikigai,Francesc Miralles,4.6,₹348.00
Don't Believe Everything You Think (English),Joseph Nguyen,4.5,₹177.00
PW Calculus Core Fear No More Calculus Book By Sachin Jakhar For JEE Main & Advanced l Integral & Differential Calculus,Sachin Jakhar,4.7,₹460.00
The Psychology of Money,Morgan Housel,4.6,₹274.00
Lucifer was Innocent: The Red Pill,Tirth Raj Parsana,3.6,₹369.00
"Conceptual Physics, 12e",Paul G. Hewitt,4.5,₹899.00
"MTG Objective NCERT at your FINGERTIPS Biology - NCERT Notes with HD Pages, Exam Archive & MCQs | Based on NMC NEET Rationalised Syllabus, NEET Books (Latest & Revised Edition 2024-2025",MTG Editorial Board,4.4,₹595.00
Animals Tales From Panchtantra: Timeless Stories for Children From Ancient India [Hardcover] Wonder House Books,Wonder House Books,4.5,₹199.00
BRAHMASTRA Complete Maths Multicolored Formula Book Second Edition BILINGUAL by Aditya Ranjan Sir,Aditya Ranjan Sir,4.5,₹150.00
My First Book of Patterns Pencil Control: Patterns Practice book for kids (Pattern Writing) [Paperback] Wonder House Books,Wonder House Books,4.4,₹98.00
Indian Polity for UPSC (English)|7th Edition|Civil Services Exam| State Administrative Exams,M Laxmikanth,4.6,₹739.00
Word Power Made Easy By Norman Lewis (More than 700 Pages),Norman Lewis,4.4,₹97.00
Mathematics class 10th and MCQs - by R.D. Sharma (2024-25 Examination),R.D. Sharma,4.5,₹435.00
The Power of Your Subconscious Mind,Joseph Murphy,4.5,₹137.00
"THE SILENT PATIENT [Paperback] Michaelides, Alex",Alex Michaelides,4.5,₹247.00
101 Copy Coloring: Fun Activity Book For Children [Paperback] Wonder House Books,Wonder House Books,4.5,₹149.00
"Moral Story Books for Kids (Illustrated) - English Short Stories with Colourful Pictures - Bedtime Children Story Book - 3 Years to 6 Years Old Children - Read Aloud to Infants, Toddlers (Set of 10 Books)",Maple Press,4.5,₹220.00
1001 Ultimate Brain Booster Activities for 4+ Years Old Kids |Enhance the Child Mind with Cognitive Excellence with Interactive Activity Book,Team Pegasus,4.6,₹297.00
"Grandma's Bag of Stories: Collection of 20+ Illustrated short stories, traditional Indian folk tales for all ages for children of all ages by Sudha Murty [Paperback] Sudha Murty",Murty Sudha,4.6,₹199.00
Nta Ugc Net '24 Paper 1 By Kvs Madaan|Teaching And Research Aptitude Net/Set/Jrf|Includes 2023 Paper (2 Sets) & 23 Years Chapter Wise Solved Previous Year Questions|Includes 2600+ Questions,KVS Madaan,4.2,₹330.00
Rich Dad Poor Dad: 25th Anniversary Edition,Robert T. Kiyosaki,4.5,₹372.00
"MINtile Sank Magic Practice Copybook, (4 Book + 10 Refill) Number Tracing Book for Preschoolers with Pen, Magic Calligraphy Copybook Set Practical Reusable Writing Tool Simple Hand Lettering",Sank Magic,4.0,₹110.00
"My First Mythology Tale (Illustrated) (Set of 5 Books) - Mahabharata, Krishna, Hanuman, Ganesha, Ramayana - Story Books for Kids - English Short Stories - Read Aloud to Infants, Toddlers",Maple Press,4.4,₹170.00
"Writing Practice Boxset: Pack of 4 Books (Writing Fun: Write And Practice Capital Letters, Small Letters, Patterns and Numbers 1 to 10) [Paperback] Wonder House Books",Wonder House Books,4.3,₹199.00
"The Palace of Illusions: 10th Anniversary Edition [Paperback] Banerjee Divakaruni, Chitra",Chitra Banerjee Divakaruni,4.5,₹324.35
"Oswaal CBSE Question Bank Class 10 Science, Chapterwise and Topicwise Solved Papers For Board Exams 2025",Oswaal Editorial Board,4.5,₹594.00
"Courage To Be Disliked, The: How to free yourself, change your life and achieve real happiness (Courage To series)",Ichiro Kishimi and Fumitake Koga,4.6,₹329.00
11 Rules For Life: Secrets to Level Up,Chetan Bhagat,4.6,₹183.00
Coloring Books Box Set: Pack of 12 Copy Color Books For Children [Paperback] Wonder House Books,Wonder House Books,4.4,₹369.00
All In One Science CBSE Class 10th Based On Latest NCERT For CBSE Exams 2025 | Mind map in each chapter | Clear & Concise Theory | Intext & Chapter Exercises | Sample Question Papers,"Dr. parul Goel Ranjan , Abhshek Gupta",4.4,₹410.00
World�s Greatest Books For Personal Growth & Wealth (Set of 4 Books) : Perfect Motivational Gift Set [Paperback] Dale Carnegie; Napoleon Hill; Dr. Joseph Murphy and George S. Clason,Dale Carnegie,4.5,₹349.00
All In One Social Science CBSE Class 10th Based On Latest NCERT For CBSE Exams 2025 | Mind map in each chapter | Clear & Concise Theory | Intext & Chapter Exercises | Sample Question Papers,Susmita Dhar Kriti Arora,4.2,₹375.00
The Magic of the Lost Temple,Sudha Murty,4.6,₹199.00
"Brain Activity Book for Kids - 200+ Activities for Age 3+ - Kids Activity Book - Early Learning - Activities for Children - Maths, English, Mazes, Spot the Differences, Word Search",Maple Press,4.4,₹88.00
The Art of Laziness: Overcome Procrastination & Improve Your Productivity,Library Mindset,4.4,₹182.00
All In One English Core class 12th Based On Latest NCERT For CBSE Exams 2025 | Mind map in each chapter | Clear & Concise Theory | Intext & Chapter Exercises | Sample Question Papers,Prerna Kain Srishti Agarwal,4.7,₹370.00
"MTG Objective NCERT at your FINGERTIPS Chemistry - NCERT Notes with HD Pages, Exam Archive & MCQs | Based on NMC NEET Rationalised Syllabus, NEET-JEE Books (Latest & Revised Edition 2024-2025)",MTG Editorial Board,4.4,₹435.00
"Quantitative Aptitude for Competitive Examinations All Government and Entrance Exams (Banking, SSC, Railway, Police, Civil Service, etc.) 40 Videos | 2000+ Solved Examples | 10000+ Practice Questions",R. S Aggarwal,4.4,₹550.00
"My First 1000 Words: Early Learning Picture Book to learn Alphabet, Numbers, Shapes and Colours, Transport, Birds and Animals, Professions, Opposite Words, Action Words, Parts of the body and Objects Around Us. [Paperback] Wonder House Books",Wonder House Books,4.5,₹189.00
Shrimad Bhagwat Geeta Yatharoop (Hindi),A.C. Bhaktivendanta Swami Prabhupada,4.8,₹200.00
"Educart CBSE Class 10 One Shot Question Bank 2024-25 Science, Mathematics, Social Science and English (Updated for 2025 Exam) 4 Book Bundle",Prashant Kirad,4.5,"₹1,357.00"
How to Win Friends and Influence People : Original Edition | Premium Paperback,Dale Carnegie,4.5,₹135.00
RAM C/O ANANDHI,AKHIL P DHARMAJAN,4.4,₹306.00
"SSC TCS PYQs Mathematics Chapterwise & Typewise Solved Papers 11950+ Till - December 2023 (Stat. & Probab.) (Detailed & Short Sol.):Tcs Pyqs of Cgl;Cpo;Chsl;Mts;DP,GD Covered (English Medium)(4599)",Kiran Institute of Career Excellence,4.1,₹548.00
